{
  "name": "Links",
  "copyyear": "&copy2017",
  "domain": "index2.php",
  "links": [
   {
      "url": "/tools/youtubetv/webcam.html",
      "name": "youtube web cam html"
    },
       {
      "url": "/tools/youtubetv/search.html",
      "name": "html yt  search"
    },
           {
      "url": "/tools/youtubetv/sport.html",
      "name": "html yt sport"
    },
              {
      "url": "/tools/youtubetv/tech.html",
      "name": "html yt tech"
    },
              {
      "url": "/tools/youtubetv/news.html",
      "name": "html yt news"
    },
              {
      "url": "/tools/youtubetv/home.html",
      "name": "html yt live"
    }
    ]
}